:START_ID(User),rating:int,:END_ID(Movie)
1,7,2
1,8,5
1,5,8
1,4,9
1,10,10
1,5,11
1,10,13
1,2,15
1,1,16
1,1,17
1,3,19
1,10,23
1,8,24
1,3,27
1,9,28
1,7,29
1,6,32
1,7,34
1,5,36
1,1,37
1,8,38
1,9,42
1,8,43
1,10,45
1,8,46
1,6,47
1,2,48
1,7,49
1,9,50
1,4,51
1,4,52
1,8,53
1,1,58
1,4,59
1,4,60
1,3,63
1,6,64
1,1,68
1,5,71
1,8,72
1,7,74
1,10,76
1,3,78
1,3,80
1,10,82
1,8,83
1,9,84
1,1,85
1,6,86
1,8,87
1,9,88
1,5,92
1,7,94
1,8,96
1,8,98
1,9,100
2,1,1
2,9,2
2,2,3
2,1,4
2,2,9
2,7,10
2,3,12
2,8,15
2,10,16
2,10,19
2,10,21
2,2,22
2,1,26
2,6,27
2,9,28
2,6,30
2,10,32
2,1,34
2,7,36
2,5,38
2,10,44
2,4,46
2,4,48
2,10,50
2,10,51
2,1,52
2,10,55
2,5,56
2,5,57
2,2,58
2,2,60
2,8,64
2,10,67
2,8,69
2,6,71
2,2,72
2,9,78
2,5,81
2,6,82
2,8,83
2,10,84
2,10,85
2,10,87
2,7,90
2,4,92
2,10,94
2,9,96
2,1,98
2,1,99
3,5,2
3,1,3
3,2,4
3,8,5
3,8,10
3,2,11
3,2,12
3,4,14
3,7,16
3,8,17
3,7,19
3,5,20
3,5,22
3,3,26
3,9,29
3,8,32
3,6,33
3,6,39
3,10,40
3,4,42
3,6,44
3,7,46
3,1,48
3,4,49
3,1,50
3,1,52
3,2,53
3,4,56
3,9,61
3,9,64
3,2,65
3,8,67
3,4,68
3,7,69
3,9,71
3,9,74
3,6,77
3,6,81
3,8,83
3,3,84
3,8,85
3,4,87
3,5,89
3,3,92
3,4,97
3,10,98
3,7,99
3,6,100
4,7,2
4,3,7
4,8,8
4,10,9
4,6,10
4,8,12
4,1,13
4,8,19
4,2,20
4,3,22
4,1,23
4,8,31
4,5,33
4,4,34
4,7,35
4,6,37
4,5,39
4,7,40
4,10,43
4,2,48
4,1,50
4,3,51
4,2,54
4,5,58
4,4,60
4,6,62
4,7,67
4,7,69
4,5,70
4,9,71
4,1,73
4,5,74
4,7,77
4,4,78
4,1,82
4,3,83
4,7,85
4,10,87
4,4,88
4,4,89
4,5,90
4,10,92
4,3,93
4,10,94
4,7,95
4,1,96
4,8,97
4,6,98
4,6,99
4,10,100
5,2,1
5,7,8
5,8,9
5,6,10
5,8,12
5,8,15
5,4,16
5,9,17
5,2,20
5,1,23
5,9,24
5,2,25
5,6,28
5,2,31
5,2,33
5,4,36
5,2,39
5,1,45
5,9,48
5,1,53
5,3,54
5,8,56
5,8,58
5,9,59
5,7,61
5,3,62
5,9,63
5,8,64
5,7,65
5,4,68
5,7,70
5,5,71
5,4,73
5,4,74
5,6,78
5,5,80
5,10,82
5,6,83
5,2,85
5,3,86
5,2,89
5,3,90
5,1,91
5,2,93
5,5,95
5,10,96
5,5,99
6,7,1
6,4,4
6,7,11
6,10,12
6,9,16
6,1,20
6,3,21
6,3,23
6,5,25
6,3,27
6,2,28
6,2,31
6,7,35
6,8,37
6,10,42
6,2,46
6,10,47
6,5,48
6,1,49
6,1,50
6,4,51
6,3,52
6,10,54
6,8,57
6,7,58
6,5,60
6,2,62
6,1,63
6,2,64
6,5,65
6,9,66
6,5,67
6,6,68
6,1,70
6,6,71
6,2,74
6,1,75
6,3,76
6,5,77
6,8,80
6,7,82
6,5,84
6,2,85
6,3,88
6,9,91
6,2,92
6,8,93
6,3,95
6,5,98
6,8,99
7,7,1
7,2,4
7,2,5
7,10,7
7,5,9
7,1,10
7,2,11
7,3,12
7,8,13
7,5,14
7,2,15
7,6,16
7,2,19
7,8,24
7,9,25
7,7,26
7,7,27
7,9,28
7,8,30
7,2,32
7,5,34
7,4,35
7,2,37
7,8,39
7,1,40
7,1,44
7,8,48
7,1,49
7,9,55
7,3,61
7,6,65
7,9,66
7,8,69
7,1,72
7,9,74
7,3,75
7,6,77
7,1,78
7,1,80
7,7,81
7,2,82
7,6,86
7,1,87
7,6,88
7,2,90
7,3,91
7,8,93
7,6,94
7,4,96
7,4,97
7,5,99
8,1,2
8,2,5
8,5,6
8,8,7
8,7,13
8,10,14
8,5,15
8,8,19
8,8,21
8,7,24
8,4,26
8,8,28
8,3,33
8,4,35
8,8,36
8,6,37
8,8,39
8,5,41
8,4,44
8,7,45
8,1,46
8,6,47
8,10,49
8,2,54
8,3,55
8,8,57
8,1,61
8,8,64
8,2,65
8,3,66
8,8,67
8,7,68
8,5,70
8,3,72
8,1,75
8,5,80
8,4,82
8,4,83
8,4,85
8,5,86
8,9,88
8,8,89
8,3,90
8,3,93
8,1,98
8,7,99
8,4,100
9,7,1
9,6,2
9,1,4
9,5,11
9,6,13
9,2,15
9,3,17
9,1,18
9,4,20
9,8,21
9,10,22
9,3,23
9,4,25
9,2,28
9,9,35
9,6,36
9,2,40
9,1,42
9,2,43
9,1,44
9,2,47
9,3,48
9,1,49
9,8,51
9,4,53
9,6,57
9,10,58
9,3,61
9,3,62
9,7,64
9,1,68
9,7,73
9,6,75
9,6,76
9,7,77
9,4,81
9,5,82
9,5,83
9,5,84
9,8,85
9,1,87
9,1,88
9,9,89
9,3,90
9,3,91
9,5,93
9,3,94
9,10,95
9,6,96
9,10,99
10,2,2
10,8,3
10,7,8
10,6,11
10,5,16
10,5,18
10,5,19
10,10,20
10,3,21
10,4,22
10,4,25
10,1,29
10,2,30
10,3,32
10,5,33
10,7,34
10,3,35
10,8,37
10,9,38
10,1,39
10,9,41
10,4,43
10,2,46
10,6,52
10,2,54
10,10,56
10,8,58
10,7,59
10,4,61
10,3,63
10,2,65
10,7,68
10,4,70
10,6,71
10,4,77
10,3,78
10,1,79
10,8,81
10,9,85
10,4,86
10,3,87
10,5,92
10,4,93
10,4,95
10,5,97
10,9,98
10,3,99
10,10,100
11,8,2
11,2,3
11,7,5
11,9,7
11,4,9
11,5,10
11,10,15
11,7,17
11,2,18
11,5,20
11,3,22
11,4,23
11,8,27
11,1,29
11,4,30
11,7,31
11,10,32
11,10,33
11,2,34
11,5,35
11,7,37
11,5,38
11,8,40
11,8,43
11,8,44
11,9,45
11,1,46
11,2,48
11,8,50
11,8,52
11,10,59
11,10,60
11,6,62
11,1,63
11,8,64
11,6,70
11,2,76
11,3,79
11,6,83
11,5,84
11,8,85
11,8,87
11,3,91
11,5,92
11,1,93
11,9,94
11,2,95
11,3,96
11,3,97
11,4,98
12,9,1
12,4,2
12,6,5
12,6,6
12,2,7
12,10,8
12,4,20
12,7,21
12,4,22
12,7,25
12,2,27
12,10,28
12,4,29
12,4,32
12,6,33
12,10,34
12,4,36
12,10,38
12,10,39
12,8,40
12,3,41
12,5,42
12,1,43
12,8,46
12,9,47
12,8,48
12,6,49
12,2,50
12,7,52
12,2,53
12,8,56
12,6,57
12,6,58
12,4,60
12,9,62
12,7,64
12,8,65
12,8,67
12,3,71
12,6,72
12,6,75
12,1,76
12,8,80
12,7,83
12,2,87
12,7,88
12,3,91
12,2,93
12,4,94
12,1,95
12,4,99
13,7,4
13,2,5
13,5,6
13,5,9
13,2,11
13,7,12
13,9,14
13,6,17
13,9,18
13,5,19
13,9,20
13,3,21
13,9,22
13,8,24
13,10,25
13,2,26
13,1,28
13,3,30
13,6,31
13,5,32
13,4,34
13,9,38
13,7,39
13,2,41
13,10,43
13,7,44
13,2,47
13,5,48
13,9,49
13,10,50
13,2,51
13,9,52
13,10,54
13,7,57
13,4,58
13,9,59
13,3,62
13,10,63
13,10,69
13,5,71
13,4,76
13,10,77
13,4,78
13,10,79
13,1,80
13,9,83
13,7,86
13,8,89
13,6,99
14,8,2
14,3,3
14,7,5
14,1,7
14,1,8
14,10,12
14,5,13
14,8,14
14,8,16
14,2,19
14,5,22
14,9,25
14,5,26
14,2,27
14,10,28
14,9,29
14,9,30
14,2,35
14,1,36
14,4,37
14,5,39
14,4,41
14,10,44
14,4,45
14,3,47
14,4,48
14,9,49
14,8,50
14,4,51
14,7,54
14,9,55
14,7,56
14,3,57
14,7,64
14,7,65
14,1,66
14,4,67
14,8,71
14,9,72
14,9,75
14,3,76
14,9,77
14,3,82
14,10,84
14,9,85
14,3,88
14,10,89
14,3,90
14,2,92
14,9,93
14,9,94
14,3,98
15,10,1
15,3,2
15,6,3
15,5,4
15,5,6
15,9,8
15,8,11
15,10,13
15,5,15
15,8,18
15,10,21
15,1,23
15,1,25
15,5,27
15,7,28
15,5,29
15,1,30
15,1,32
15,7,35
15,9,37
15,6,40
15,9,41
15,5,45
15,5,46
15,2,48
15,4,50
15,5,51
15,9,55
15,9,57
15,3,61
15,9,62
15,7,63
15,6,67
15,8,70
15,3,73
15,9,74
15,4,76
15,10,77
15,2,78
15,7,81
15,8,83
15,5,85
15,8,88
15,10,91
15,10,92
15,1,97
16,2,1
16,3,2
16,1,4
16,1,5
16,9,6
16,10,8
16,8,9
16,6,11
16,9,12
16,7,13
16,6,15
16,5,17
16,5,18
16,7,20
16,6,24
16,10,26
16,7,28
16,2,31
16,7,33
16,10,35
16,3,37
16,7,38
16,1,44
16,9,45
16,10,46
16,3,50
16,8,52
16,1,53
16,9,55
16,1,56
16,5,58
16,9,65
16,1,66
16,8,67
16,2,69
16,6,73
16,4,74
16,10,75
16,7,76
16,6,78
16,2,79
16,5,81
16,10,85
16,4,86
16,8,88
16,3,90
16,5,95
16,6,96
16,4,97
16,4,100
17,9,1
17,2,3
17,8,5
17,5,8
17,1,9
17,7,10
17,5,12
17,5,13
17,3,17
17,6,18
17,2,20
17,10,23
17,6,25
17,1,28
17,9,30
17,10,32
17,5,33
17,9,35
17,7,36
17,10,39
17,1,40
17,9,42
17,8,46
17,7,47
17,6,49
17,8,50
17,9,52
17,4,53
17,5,54
17,10,55
17,9,59
17,1,60
17,3,62
17,5,63
17,7,64
17,4,65
17,3,68
17,10,69
17,7,70
17,9,72
17,10,73
17,9,74
17,3,77
17,3,82
17,8,83
17,9,84
17,9,85
17,8,88
17,4,90
17,6,91
17,9,92
17,4,98
17,1,99
18,9,3
18,7,4
18,4,6
18,7,7
18,8,10
18,8,11
18,9,12
18,9,19
18,5,21
18,9,22
18,1,23
18,1,26
18,2,28
18,6,29
18,1,30
18,2,35
18,7,37
18,10,42
18,7,44
18,10,46
18,5,47
18,8,48
18,5,53
18,3,54
18,5,55
18,5,56
18,8,64
18,9,65
18,1,67
18,2,68
18,3,70
18,7,71
18,9,73
18,10,75
18,7,77
18,4,78
18,6,80
18,3,82
18,6,84
18,5,85
18,6,86
18,9,90
18,8,91
18,9,95
18,1,96
18,9,97
18,2,98
18,5,100
19,3,5
19,1,7
19,9,8
19,7,12
19,1,13
19,1,15
19,8,16
19,6,20
19,2,22
19,9,25
19,7,26
19,6,29
19,10,30
19,6,31
19,3,32
19,4,33
19,2,36
19,3,37
19,8,38
19,6,39
19,6,40
19,4,41
19,2,42
19,5,43
19,7,46
19,9,48
19,3,49
19,10,50
19,3,51
19,3,53
19,4,54
19,2,55
19,2,57
19,5,59
19,5,61
19,10,62
19,10,65
19,3,68
19,9,69
19,10,70
19,5,71
19,6,75
19,9,77
19,2,78
19,1,80
19,7,82
19,3,84
19,10,86
19,2,87
19,2,88
19,1,92
19,2,96
19,4,97
19,5,99
19,6,100
20,3,1
20,2,3
20,2,4
20,9,7
20,7,8
20,7,9
20,6,11
20,7,12
20,6,16
20,1,17
20,6,18
20,9,19
20,5,20
20,9,22
20,1,27
20,6,28
20,2,29
20,3,31
20,7,32
20,2,34
20,6,35
20,6,36
20,10,40
20,2,41
20,1,44
20,6,46
20,1,47
20,3,50
20,4,51
20,1,53
20,3,54
20,2,56
20,10,59
20,7,60
20,5,61
20,6,65
20,1,66
20,7,67
20,10,69
20,8,70
20,3,71
20,4,73
20,5,74
20,2,75
20,7,78
20,6,81
20,6,82
20,6,83
20,8,84
20,3,85
20,5,86
20,1,88
20,3,92
20,2,93
20,2,95
20,4,96
20,5,100
21,2,2
21,10,3
21,7,5
21,9,7
21,3,9
21,9,11
21,2,12
21,6,15
21,1,16
21,6,18
21,6,20
21,2,23
21,1,25
21,5,27
21,3,28
21,5,32
21,1,36
21,3,40
21,9,44
21,6,45
21,5,48
21,10,49
21,3,50
21,1,56
21,10,59
21,7,60
21,5,62
21,10,63
21,10,65
21,7,68
21,5,70
21,5,73
21,2,74
21,5,76
21,10,77
21,1,78
21,5,79
21,6,80
21,4,82
21,4,83
21,6,84
21,4,86
21,3,87
21,7,88
21,4,89
21,7,90
21,10,92
21,8,93
21,6,96
21,2,97
21,2,98
21,6,100
22,5,2
22,3,3
22,3,4
22,5,8
22,5,13
22,9,14
22,4,17
22,2,21
22,9,24
22,3,25
22,7,26
22,4,28
22,3,29
22,4,30
22,6,31
22,7,32
22,7,35
22,1,37
22,1,39
22,5,40
22,2,45
22,3,46
22,2,47
22,8,48
22,10,49
22,9,51
22,3,53
22,4,54
22,9,56
22,8,58
22,3,61
22,10,63
22,3,64
22,8,65
22,6,66
22,6,69
22,10,71
22,2,74
22,10,78
22,3,80
22,6,87
22,6,89
22,10,91
22,1,93
22,4,96
22,8,99
23,3,1
23,9,3
23,7,4
23,5,6
23,1,9
23,9,10
23,7,11
23,7,12
23,3,14
23,10,15
23,1,16
23,6,18
23,8,19
23,7,20
23,10,21
23,7,22
23,9,25
23,10,26
23,6,28
23,7,29
23,5,30
23,6,31
23,6,35
23,9,36
23,6,40
23,7,45
23,6,46
23,7,48
23,8,50
23,8,52
23,5,54
23,10,55
23,4,58
23,10,61
23,10,63
23,6,64
23,4,65
23,7,67
23,4,70
23,9,73
23,4,77
23,2,78
23,8,80
23,1,81
23,7,84
23,4,87
23,3,90
23,2,91
23,9,95
23,2,96
23,7,98
23,8,100
24,5,3
24,3,6
24,9,11
24,2,12
24,8,15
24,4,19
24,5,20
24,3,21
24,10,22
24,6,24
24,9,25
24,9,27
24,2,33
24,7,34
24,6,37
24,6,40
24,9,41
24,5,42
24,6,46
24,8,47
24,4,49
24,5,50
24,10,51
24,1,53
24,6,57
24,5,60
24,4,62
24,10,63
24,9,64
24,4,65
24,5,66
24,2,69
24,2,70
24,3,72
24,6,73
24,5,74
24,6,75
24,7,76
24,8,77
24,8,78
24,7,82
24,2,84
24,7,88
24,10,89
24,3,90
24,9,92
24,3,93
24,8,94
24,2,95
24,8,97
24,8,99
25,1,1
25,7,4
25,1,5
25,5,6
25,8,7
25,3,10
25,2,12
25,4,13
25,9,14
25,3,15
25,2,16
25,10,19
25,1,21
25,7,22
25,4,24
25,7,28
25,10,29
25,7,32
25,7,33
25,4,34
25,1,35
25,1,36
25,4,37
25,7,38
25,5,39
25,2,41
25,9,42
25,3,44
25,7,45
25,8,46
25,1,49
25,9,52
25,6,54
25,5,55
25,8,56
25,4,58
25,5,60
25,10,63
25,4,66
25,3,68
25,8,70
25,7,71
25,8,73
25,5,74
25,8,75
25,7,77
25,6,78
25,4,82
25,8,84
25,10,86
25,7,91
25,7,92
25,4,93
25,7,94
25,10,95
25,10,99
26,10,1
26,1,2
26,2,3
26,10,4
26,10,7
26,2,9
26,10,12
26,6,13
26,4,14
26,9,15
26,8,22
26,7,24
26,5,25
26,2,28
26,4,31
26,2,32
26,5,33
26,6,36
26,7,37
26,10,38
26,3,40
26,2,41
26,2,42
26,5,43
26,4,44
26,6,47
26,9,49
26,3,52
26,1,53
26,8,54
26,3,56
26,10,58
26,3,59
26,4,60
26,3,61
26,3,63
26,3,64
26,9,66
26,8,69
26,6,71
26,7,72
26,4,73
26,8,74
26,10,75
26,2,80
26,4,81
26,8,89
26,9,92
26,2,93
26,3,94
26,8,98
27,1,1
27,3,2
27,8,5
27,7,6
27,7,8
27,8,12
27,5,14
27,3,15
27,1,18
27,4,21
27,2,23
27,4,25
27,2,26
27,8,27
27,2,29
27,6,30
27,2,31
27,3,32
27,7,34
27,8,35
27,6,37
27,8,39
27,6,40
27,1,47
27,6,50
27,5,52
27,9,54
27,6,61
27,7,62
27,4,63
27,9,65
27,2,66
27,6,69
27,7,71
27,1,73
27,4,74
27,5,75
27,6,76
27,6,77
27,6,78
27,4,79
27,6,81
27,4,82
27,5,83
27,3,87
27,2,88
27,2,89
27,1,90
27,4,91
27,3,92
27,1,93
27,10,95
27,5,98
27,9,99
27,8,100
28,2,1
28,2,2
28,7,3
28,4,4
28,10,5
28,10,9
28,3,11
28,4,13
28,10,14
28,5,18
28,1,21
28,3,22
28,7,25
28,10,26
28,10,28
28,9,31
28,2,33
28,6,35
28,6,36
28,8,38
28,10,39
28,3,42
28,10,43
28,8,44
28,7,45
28,1,46
28,2,47
28,7,48
28,8,49
28,1,50
28,3,54
28,4,55
28,9,57
28,4,58
28,4,60
28,10,61
28,2,65
28,6,68
28,3,69
28,5,71
28,5,74
28,10,77
28,2,78
28,1,80
28,1,82
28,5,86
28,4,88
28,2,90
28,10,91
28,9,96
28,1,97
28,6,99
28,2,100
29,9,4
29,9,5
29,8,6
29,7,11
29,1,12
29,9,13
29,8,14
29,1,15
29,6,16
29,10,17
29,7,22
29,4,23
29,1,26
29,3,30
29,9,31
29,6,34
29,9,36
29,7,37
29,2,38
29,2,39
29,1,40
29,2,43
29,9,45
29,2,48
29,5,50
29,10,52
29,3,54
29,4,57
29,8,59
29,9,60
29,6,64
29,10,65
29,7,66
29,5,69
29,1,72
29,1,73
29,10,75
29,7,76
29,10,78
29,10,80
29,4,81
29,10,83
29,6,86
29,10,88
29,1,92
29,5,93
29,10,97
29,2,100
30,5,3
30,5,6
30,1,7
30,5,8
30,6,9
30,5,12
30,3,13
30,2,14
30,1,15
30,9,17
30,6,18
30,2,21
30,10,22
30,7,23
30,7,24
30,6,26
30,6,31
30,2,32
30,8,34
30,8,36
30,7,38
30,5,39
30,7,41
30,3,45
30,10,49
30,10,51
30,9,54
30,5,55
30,1,56
30,2,58
30,5,59
30,4,60
30,1,67
30,2,69
30,10,72
30,9,74
30,10,75
30,2,77
30,10,78
30,7,79
30,5,80
30,8,82
30,2,88
30,2,90
30,10,91
30,10,92
30,6,93
30,1,94
30,5,98
30,8,99
31,7,1
31,1,2
31,10,3
31,9,4
31,1,5
31,6,6
31,3,8
31,4,9
31,8,11
31,9,14
31,1,15
31,5,17
31,5,20
31,2,22
31,9,24
31,5,25
31,10,26
31,5,27
31,4,28
31,10,30
31,8,31
31,9,32
31,9,35
31,9,40
31,2,41
31,7,44
31,9,45
31,2,46
31,8,47
31,9,49
31,8,50
31,1,54
31,7,57
31,8,58
31,8,59
31,2,63
31,6,64
31,4,65
31,4,66
31,7,71
31,6,72
31,1,73
31,8,75
31,2,77
31,9,78
31,5,79
31,2,80
31,3,81
31,6,83
31,7,84
31,6,85
31,2,86
31,5,91
31,2,94
31,5,96
31,1,97
31,2,100
32,9,1
32,1,2
32,6,3
32,4,4
32,4,8
32,4,9
32,3,11
32,5,12
32,1,14
32,1,16
32,2,17
32,8,20
32,2,22
32,7,32
32,2,33
32,6,34
32,9,36
32,9,41
32,8,42
32,3,46
32,8,47
32,5,48
32,10,49
32,6,50
32,2,51
32,4,53
32,8,54
32,3,55
32,8,58
32,9,59
32,8,61
32,9,63
32,4,64
32,5,66
32,7,67
32,3,69
32,7,70
32,2,71
32,5,72
32,4,73
32,1,76
32,2,78
32,10,80
32,6,82
32,2,84
32,4,86
32,1,89
32,4,92
32,6,98
32,10,100
33,1,1
33,2,3
33,2,4
33,7,5
33,3,6
33,4,7
33,9,8
33,7,10
33,8,15
33,1,16
33,7,17
33,4,19
33,7,20
33,4,23
33,9,25
33,9,26
33,4,27
33,2,28
33,8,36
33,1,42
33,10,43
33,7,44
33,8,46
33,3,48
33,2,49
33,2,52
33,9,55
33,1,56
33,7,58
33,10,61
33,2,64
33,1,65
33,6,66
33,2,67
33,1,69
33,3,70
33,5,71
33,7,74
33,2,77
33,4,78
33,4,79
33,1,80
33,9,81
33,3,82
33,6,84
33,3,88
33,8,90
33,3,91
33,8,92
33,1,93
33,8,95
33,2,96
33,2,98
33,1,100
34,5,1
34,3,3
34,4,7
34,5,10
34,6,11
34,3,13
34,7,18
34,1,19
34,8,20
34,10,23
34,9,25
34,2,27
34,7,29
34,8,31
34,6,32
34,4,33
34,6,36
34,3,38
34,8,40
34,9,44
34,1,46
34,10,50
34,2,52
34,2,56
34,6,57
34,8,58
34,3,59
34,7,60
34,3,61
34,4,62
34,6,63
34,4,64
34,6,67
34,1,68
34,8,72
34,8,73
34,6,74
34,5,76
34,2,78
34,5,81
34,5,82
34,9,83
34,2,84
34,5,85
34,10,88
34,2,90
34,4,92
34,5,97
34,3,99
34,5,100
35,4,4
35,9,6
35,5,8
35,3,9
35,2,11
35,1,12
35,3,14
35,4,16
35,8,18
35,3,24
35,2,25
35,8,29
35,10,31
35,4,33
35,7,36
35,9,37
35,3,40
35,9,42
35,4,44
35,1,45
35,3,46
35,4,47
35,2,49
35,9,52
35,10,54
35,9,55
35,10,57
35,2,58
35,1,59
35,6,60
35,4,61
35,5,62
35,5,63
35,3,64
35,6,65
35,2,66
35,4,67
35,7,69
35,4,70
35,2,73
35,9,76
35,3,78
35,3,79
35,3,81
35,4,82
35,6,83
35,1,84
35,8,85
35,1,86
35,4,87
35,5,88
35,1,91
35,1,93
35,8,95
35,9,97
35,10,98
35,5,99
36,7,2
36,4,3
36,4,4
36,1,5
36,2,6
36,8,8
36,2,10
36,3,12
36,2,14
36,10,15
36,8,16
36,6,18
36,4,19
36,8,21
36,3,23
36,1,24
36,3,25
36,5,26
36,2,29
36,8,30
36,1,31
36,1,32
36,9,35
36,6,36
36,5,38
36,7,40
36,5,41
36,1,42
36,9,45
36,4,46
36,7,48
36,1,49
36,9,50
36,10,52
36,6,54
36,7,55
36,3,57
36,10,58
36,4,59
36,5,60
36,4,62
36,8,65
36,3,70
36,2,71
36,3,73
36,5,74
36,10,75
36,2,77
36,4,78
36,3,79
36,8,80
36,5,81
36,6,84
36,1,85
36,4,88
36,8,90
36,3,91
36,1,92
36,10,93
36,2,94
36,3,95
36,8,96
36,8,97
36,6,98
37,4,1
37,9,9
37,9,10
37,5,14
37,2,16
37,1,18
37,7,19
37,9,20
37,7,22
37,10,23
37,10,27
37,10,30
37,8,31
37,5,32
37,6,33
37,7,34
37,8,38
37,8,39
37,2,40
37,8,42
37,1,44
37,8,45
37,3,46
37,6,48
37,3,49
37,7,53
37,8,54
37,2,55
37,7,58
37,2,61
37,8,63
37,1,67
37,8,70
37,8,71
37,3,74
37,1,79
37,6,84
37,10,85
37,4,86
37,3,87
37,3,88
37,5,90
37,5,91
37,5,93
37,8,95
37,1,97
37,5,99
37,3,100
38,8,2
38,1,4
38,3,5
38,1,7
38,4,8
38,3,9
38,3,14
38,7,16
38,10,17
38,8,18
38,6,21
38,7,22
38,8,25
38,6,27
38,8,29
38,1,30
38,3,32
38,5,33
38,7,34
38,5,38
38,7,39
38,7,47
38,4,48
38,3,51
38,10,52
38,10,53
38,3,55
38,8,58
38,2,62
38,9,66
38,5,68
38,4,73
38,3,77
38,5,79
38,8,82
38,6,88
38,3,89
38,4,92
38,6,93
38,10,94
38,6,95
38,3,97
38,7,99
39,3,3
39,9,5
39,8,6
39,1,7
39,3,11
39,6,12
39,1,13
39,2,14
39,7,15
39,9,16
39,4,17
39,4,18
39,3,19
39,5,25
39,8,27
39,2,28
39,7,29
39,5,31
39,10,32
39,10,35
39,2,39
39,3,44
39,6,45
39,2,48
39,8,49
39,1,50
39,5,51
39,5,52
39,6,54
39,5,55
39,6,56
39,3,57
39,4,63
39,9,64
39,2,67
39,3,68
39,8,71
39,4,74
39,4,75
39,5,76
39,3,78
39,9,80
39,2,81
39,10,82
39,10,83
39,2,85
39,8,86
39,2,87
39,8,91
39,4,93
39,10,96
39,7,97
39,2,98
39,5,99
40,7,2
40,7,4
40,7,7
40,9,8
40,9,11
40,5,13
40,1,15
40,1,18
40,9,20
40,9,21
40,8,22
40,6,25
40,6,26
40,10,31
40,8,33
40,3,35
40,10,37
40,8,40
40,5,41
40,8,42
40,3,43
40,5,46
40,8,47
40,3,53
40,6,54
40,1,55
40,6,56
40,6,57
40,8,59
40,4,61
40,8,64
40,10,65
40,7,66
40,3,67
40,4,68
40,9,69
40,10,71
40,6,75
40,3,78
40,1,81
40,3,83
40,4,89
40,1,90
40,4,91
40,2,93
40,6,95
40,3,99
41,4,2
41,7,5
41,5,6
41,6,10
41,2,15
41,1,16
41,3,18
41,3,19
41,9,20
41,6,21
41,3,23
41,2,24
41,1,26
41,9,28
41,1,29
41,2,34
41,5,36
41,10,39
41,9,40
41,7,42
41,3,43
41,10,51
41,9,53
41,4,55
41,2,57
41,9,59
41,7,63
41,1,64
41,9,68
41,8,69
41,7,71
41,4,72
41,9,73
41,7,75
41,8,76
41,7,77
41,1,79
41,4,82
41,1,84
41,6,87
41,2,90
41,6,91
41,6,92
41,4,93
41,3,94
41,4,98
42,9,3
42,9,4
42,3,5
42,1,6
42,3,8
42,7,9
42,1,10
42,1,11
42,1,13
42,1,14
42,9,16
42,10,17
42,6,19
42,6,20
42,2,21
42,5,23
42,7,24
42,5,26
42,4,30
42,10,31
42,8,34
42,7,38
42,9,41
42,7,42
42,2,44
42,9,45
42,2,47
42,6,50
42,1,53
42,6,54
42,10,58
42,3,66
42,3,68
42,9,70
42,5,71
42,1,72
42,6,73
42,1,74
42,2,75
42,3,78
42,3,79
42,2,82
42,7,84
42,7,88
42,9,90
42,8,91
42,8,93
43,3,1
43,6,2
43,3,5
43,7,7
43,5,8
43,3,9
43,6,11
43,6,12
43,4,15
43,8,17
43,8,19
43,1,22
43,9,26
43,6,30
43,10,31
43,4,32
43,7,36
43,1,40
43,7,42
43,5,46
43,7,48
43,5,49
43,1,50
43,2,55
43,4,58
43,3,61
43,6,63
43,2,65
43,7,66
43,3,67
43,7,68
43,4,70
43,9,73
43,10,74
43,7,75
43,7,81
43,8,83
43,1,84
43,5,86
43,9,87
43,10,92
43,9,93
43,6,95
43,6,98
43,2,99
44,4,2
44,4,3
44,5,4
44,1,6
44,3,8
44,1,10
44,6,15
44,6,22
44,4,23
44,8,25
44,5,26
44,8,27
44,3,29
44,10,31
44,7,32
44,2,33
44,5,34
44,7,37
44,2,38
44,5,40
44,6,41
44,6,44
44,9,45
44,4,48
44,6,49
44,1,50
44,3,53
44,10,56
44,1,60
44,7,61
44,8,62
44,4,63
44,3,66
44,1,68
44,4,69
44,3,70
44,4,73
44,3,75
44,10,76
44,9,79
44,5,80
44,3,81
44,8,85
44,1,88
44,3,89
44,1,90
44,1,91
44,10,92
44,5,94
44,3,95
44,3,96
44,8,97
44,2,98
44,10,99
45,5,2
45,5,4
45,8,5
45,10,6
45,7,12
45,1,13
45,6,14
45,1,16
45,3,17
45,1,20
45,4,21
45,6,22
45,4,25
45,7,26
45,2,27
45,5,29
45,1,31
45,3,33
45,4,38
45,10,42
45,9,45
45,3,48
45,3,49
45,2,50
45,3,51
45,7,52
45,8,53
45,7,54
45,4,56
45,9,59
45,5,64
45,5,66
45,6,67
45,8,69
45,7,73
45,4,75
45,5,78
45,1,83
45,10,84
45,4,85
45,10,88
45,5,89
45,2,90
45,3,91
45,4,93
45,8,94
45,5,97
45,6,98
45,5,99
45,6,100
46,10,3
46,6,4
46,9,8
46,6,9
46,10,15
46,7,16
46,4,17
46,6,18
46,1,20
46,9,21
46,1,24
46,5,25
46,7,27
46,7,28
46,2,29
46,6,33
46,6,37
46,6,38
46,6,39
46,9,41
46,5,42
46,7,45
46,8,47
46,2,48
46,1,49
46,7,50
46,6,53
46,6,55
46,4,56
46,6,57
46,8,58
46,2,59
46,7,60
46,1,61
46,5,63
46,3,64
46,3,68
46,2,72
46,3,73
46,3,74
46,8,78
46,8,82
46,4,87
46,7,89
46,10,92
46,7,96
46,9,99
47,9,3
47,4,5
47,2,7
47,8,8
47,3,10
47,10,11
47,9,13
47,9,15
47,5,16
47,5,19
47,4,20
47,8,23
47,6,24
47,4,30
47,6,31
47,8,33
47,4,34
47,2,36
47,4,37
47,4,39
47,6,40
47,7,41
47,3,42
47,1,44
47,4,46
47,3,48
47,7,50
47,1,52
47,2,53
47,8,54
47,4,58
47,6,67
47,2,68
47,2,70
47,10,73
47,4,74
47,3,78
47,4,80
47,4,82
47,1,83
47,3,84
47,6,87
47,5,88
47,7,93
47,3,94
47,10,95
47,7,99
47,4,100
48,5,1
48,3,2
48,8,3
48,3,4
48,8,5
48,3,6
48,9,8
48,1,11
48,6,13
48,9,14
48,1,17
48,6,18
48,10,19
48,1,20
48,9,24
48,9,26
48,10,29
48,9,30
48,6,31
48,6,34
48,5,35
48,2,40
48,4,41
48,7,42
48,6,43
48,3,46
48,4,47
48,9,48
48,4,49
48,1,51
48,5,53
48,7,55
48,6,56
48,8,59
48,1,60
48,1,61
48,8,62
48,3,63
48,1,64
48,5,65
48,1,66
48,2,69
48,9,70
48,1,71
48,3,72
48,10,74
48,10,75
48,10,76
48,9,78
48,1,79
48,6,82
48,5,84
48,9,85
48,7,86
48,7,90
48,6,91
48,8,92
48,4,93
48,7,95
48,1,99
49,6,1
49,5,3
49,9,5
49,9,8
49,2,12
49,2,13
49,5,14
49,6,15
49,10,18
49,10,19
49,5,23
49,9,25
49,5,29
49,1,31
49,7,33
49,8,35
49,2,36
49,8,37
49,1,38
49,2,39
49,10,43
49,8,51
49,6,52
49,7,53
49,2,56
49,4,57
49,3,59
49,9,62
49,8,63
49,7,64
49,1,65
49,8,67
49,9,69
49,6,70
49,8,71
49,3,72
49,3,74
49,7,76
49,3,78
49,6,79
49,1,80
49,10,81
49,10,83
49,10,84
49,7,87
49,4,88
49,7,89
49,7,91
49,8,92
49,7,93
49,6,95
49,8,98
49,5,100
50,8,1
50,3,2
50,2,3
50,1,4
50,10,7
50,10,10
50,4,11
50,10,12
50,5,13
50,7,14
50,6,17
50,3,18
50,1,19
50,9,20
50,1,21
50,4,22
50,1,26
50,5,28
50,1,32
50,5,34
50,2,36
50,9,38
50,4,39
50,10,41
50,1,45
50,1,47
50,4,49
50,9,51
50,9,53
50,7,54
50,10,58
50,2,59
50,4,61
50,6,62
50,1,63
50,7,70
50,2,72
50,5,74
50,4,75
50,2,76
50,10,77
50,6,79
50,9,81
50,4,82
50,4,87
50,8,91
50,9,92
50,6,96
50,9,97
50,2,100
51,6,2
51,3,3
51,5,8
51,1,10
51,6,12
51,3,13
51,1,18
51,1,19
51,2,22
51,2,23
51,2,24
51,9,27
51,8,28
51,1,29
51,10,31
51,2,33
51,9,35
51,2,36
51,6,37
51,9,38
51,4,39
51,2,40
51,10,41
51,3,42
51,6,45
51,4,51
51,6,55
51,5,57
51,4,58
51,2,59
51,8,64
51,8,66
51,7,69
51,4,71
51,6,72
51,2,73
51,5,75
51,9,76
51,5,79
51,3,84
51,5,85
51,1,88
51,3,89
51,9,90
51,4,92
51,2,93
51,10,95
51,8,96
51,4,100
52,1,1
52,2,3
52,10,7
52,8,13
52,1,14
52,3,16
52,1,18
52,2,20
52,10,22
52,7,25
52,10,28
52,3,30
52,1,31
52,10,32
52,4,33
52,9,34
52,3,36
52,9,38
52,7,39
52,10,40
52,9,41
52,8,43
52,9,44
52,9,48
52,9,51
52,5,53
52,8,58
52,2,59
52,1,60
52,8,61
52,7,62
52,4,63
52,1,65
52,8,66
52,6,67
52,8,68
52,3,72
52,6,74
52,8,75
52,8,76
52,1,77
52,3,78
52,3,81
52,4,83
52,7,85
52,9,86
52,9,87
52,2,88
52,3,95
52,6,96
52,10,97
53,10,1
53,9,6
53,3,7
53,9,8
53,5,9
53,4,11
53,10,12
53,1,13
53,4,15
53,2,18
53,10,20
53,8,22
53,2,25
53,5,26
53,9,27
53,8,29
53,6,30
53,8,31
53,6,34
53,3,37
53,9,39
53,4,41
53,5,43
53,6,47
53,10,50
53,6,51
53,9,53
53,9,55
53,3,56
53,10,57
53,2,58
53,9,59
53,3,63
53,4,65
53,4,68
53,2,71
53,4,74
53,5,76
53,8,77
53,10,80
53,1,83
53,8,87
53,2,89
53,1,93
53,3,99
53,5,100
54,8,1
54,9,7
54,6,9
54,10,11
54,10,12
54,1,16
54,9,18
54,10,19
54,6,20
54,8,22
54,4,23
54,10,24
54,2,25
54,6,26
54,2,27
54,1,32
54,10,37
54,9,38
54,2,39
54,5,40
54,3,42
54,2,43
54,6,44
54,3,45
54,1,46
54,4,47
54,4,48
54,1,50
54,3,59
54,10,61
54,3,66
54,8,67
54,4,69
54,4,73
54,4,74
54,8,77
54,10,78
54,1,80
54,7,83
54,10,84
54,10,86
54,4,88
54,4,90
54,6,91
54,3,94
54,8,96
54,8,98
54,2,100
55,7,1
55,4,2
55,1,3
55,9,4
55,3,5
55,1,6
55,1,8
55,5,9
55,5,12
55,2,13
55,5,15
55,1,16
55,8,17
55,3,19
55,9,20
55,5,22
55,2,23
55,9,25
55,1,27
55,6,28
55,7,29
55,7,33
55,1,35
55,1,38
55,3,39
55,2,40
55,6,42
55,6,43
55,4,47
55,6,48
55,3,49
55,8,51
55,9,52
55,10,59
55,10,60
55,2,61
55,7,62
55,8,63
55,8,64
55,10,65
55,1,66
55,10,68
55,8,70
55,4,76
55,10,79
55,3,81
55,9,89
55,8,90
55,1,91
55,5,93
55,5,94
55,5,95
55,6,96
55,10,97
55,1,98
56,9,1
56,3,2
56,10,3
56,4,7
56,1,8
56,10,10
56,9,11
56,1,12
56,1,13
56,6,16
56,5,17
56,2,18
56,1,19
56,8,20
56,5,22
56,6,23
56,3,24
56,6,25
56,4,26
56,1,29
56,4,30
56,6,31
56,4,32
56,6,37
56,10,40
56,9,42
56,5,43
56,2,44
56,4,46
56,3,48
56,3,50
56,3,54
56,10,56
56,2,59
56,1,61
56,1,70
56,10,74
56,7,76
56,3,77
56,5,79
56,2,82
56,6,84
56,3,85
56,8,89
56,9,90
56,4,91
56,9,98
56,4,99
57,4,2
57,5,3
57,4,5
57,4,6
57,9,7
57,9,15
57,5,17
57,10,23
57,2,26
57,2,27
57,4,28
57,8,30
57,4,31
57,3,33
57,3,34
57,1,40
57,3,41
57,4,42
57,1,43
57,9,44
57,4,46
57,4,47
57,7,50
57,9,53
57,5,55
57,10,56
57,5,57
57,4,64
57,4,65
57,3,67
57,4,69
57,8,73
57,6,74
57,9,75
57,1,76
57,9,78
57,8,79
57,6,82
57,1,84
57,10,87
57,9,90
57,4,91
57,2,92
57,2,93
57,4,94
57,9,95
58,1,2
58,8,3
58,8,4
58,7,7
58,1,8
58,9,13
58,1,15
58,9,17
58,4,24
58,10,26
58,2,29
58,4,30
58,6,31
58,7,34
58,9,35
58,9,36
58,5,37
58,2,38
58,9,39
58,7,44
58,10,47
58,6,50
58,8,51
58,9,53
58,4,55
58,5,56
58,6,58
58,8,60
58,8,61
58,5,62
58,3,63
58,7,66
58,1,70
58,4,75
58,2,76
58,1,80
58,4,81
58,10,85
58,7,91
58,8,92
58,3,93
58,1,95
59,1,1
59,7,4
59,10,5
59,10,6
59,7,7
59,5,10
59,9,19
59,6,20
59,2,23
59,7,28
59,3,29
59,1,32
59,9,33
59,7,34
59,5,45
59,6,48
59,7,49
59,8,50
59,4,53
59,4,55
59,1,56
59,1,57
59,5,58
59,1,60
59,7,63
59,8,64
59,7,67
59,9,68
59,1,70
59,10,75
59,3,77
59,7,78
59,1,79
59,6,81
59,9,82
59,8,83
59,8,85
59,5,86
59,6,87
59,1,94
59,7,96
59,3,99
60,1,1
60,9,3
60,10,5
60,2,7
60,5,9
60,8,10
60,3,11
60,3,12
60,7,14
60,6,20
60,7,21
60,5,27
60,4,28
60,9,29
60,3,30
60,2,31
60,9,33
60,4,34
60,5,35
60,6,36
60,6,37
60,2,41
60,9,42
60,8,44
60,2,46
60,5,47
60,8,48
60,8,49
60,10,50
60,6,52
60,10,56
60,8,58
60,8,63
60,6,68
60,10,69
60,6,70
60,10,73
60,10,75
60,3,78
60,9,80
60,1,82
60,8,84
60,5,89
60,8,91
60,2,93
60,9,94
60,2,95
61,9,2
61,7,5
61,9,6
61,8,7
61,4,10
61,10,11
61,8,12
61,7,13
61,1,14
61,3,15
61,8,16
61,5,17
61,1,18
61,7,19
61,6,20
61,3,22
61,8,23
61,9,25
61,1,26
61,2,27
61,5,29
61,6,30
61,6,31
61,10,34
61,3,35
61,9,37
61,1,38
61,7,43
61,8,44
61,4,49
61,6,50
61,8,51
61,3,56
61,6,58
61,9,61
61,7,64
61,9,65
61,5,69
61,1,70
61,3,71
61,5,72
61,5,74
61,9,76
61,3,77
61,7,79
61,8,80
61,9,81
61,2,87
61,9,89
61,10,90
61,10,91
61,8,96
61,3,97
61,2,98
61,8,100
62,7,2
62,1,5
62,8,7
62,6,9
62,2,11
62,5,13
62,4,14
62,10,17
62,2,21
62,4,29
62,1,31
62,9,32
62,2,33
62,2,35
62,7,36
62,6,37
62,5,38
62,7,41
62,1,43
62,7,46
62,7,49
62,3,50
62,2,52
62,10,53
62,3,56
62,8,57
62,8,59
62,4,60
62,4,61
62,6,64
62,4,66
62,10,70
62,6,72
62,10,81
62,10,83
62,9,85
62,3,86
62,9,89
62,3,91
62,8,92
62,5,94
62,5,96
62,10,98
62,6,99
62,8,100
63,2,2
63,4,3
63,1,4
63,8,7
63,5,9
63,10,11
63,6,12
63,1,13
63,3,15
63,1,16
63,9,17
63,7,20
63,4,27
63,8,28
63,9,29
63,8,31
63,3,33
63,8,34
63,7,36
63,7,37
63,4,39
63,6,45
63,2,47
63,5,48
63,7,49
63,8,50
63,7,54
63,1,55
63,5,56
63,8,57
63,9,58
63,6,60
63,6,68
63,10,75
63,7,77
63,9,78
63,1,82
63,4,88
63,2,90
63,7,93
63,9,94
63,6,95
63,1,97
63,3,98
63,8,100
64,3,3
64,4,4
64,6,6
64,9,7
64,5,8
64,8,9
64,1,11
64,9,12
64,8,13
64,8,14
64,2,15
64,8,16
64,3,21
64,10,29
64,6,32
64,5,36
64,7,38
64,1,39
64,8,40
64,5,41
64,4,42
64,2,43
64,8,44
64,7,45
64,7,46
64,10,48
64,8,51
64,8,53
64,3,55
64,10,56
64,1,60
64,9,68
64,7,69
64,2,70
64,10,72
64,5,75
64,8,77
64,8,82
64,4,83
64,10,85
64,4,86
64,8,87
64,7,88
64,5,90
64,2,91
64,3,92
64,2,94
64,8,96
64,6,97
64,7,99
65,9,3
65,8,6
65,9,7
65,4,8
65,9,11
65,4,14
65,7,15
65,1,19
65,1,22
65,4,23
65,9,26
65,8,27
65,1,28
65,3,29
65,8,30
65,10,32
65,8,33
65,7,38
65,5,39
65,2,40
65,3,41
65,4,42
65,5,45
65,2,46
65,3,47
65,7,50
65,9,54
65,7,55
65,1,60
65,8,65
65,1,68
65,1,69
65,4,70
65,8,71
65,3,72
65,2,75
65,10,77
65,1,78
65,6,79
65,4,81
65,9,84
65,9,86
65,7,94
65,8,95
65,1,96
65,4,98
65,3,100
66,10,1
66,5,2
66,8,5
66,6,10
66,7,11
66,9,14
66,2,16
66,3,18
66,5,20
66,1,21
66,6,26
66,2,27
66,10,28
66,2,29
66,3,31
66,10,32
66,5,35
66,4,36
66,6,37
66,10,38
66,3,41
66,6,43
66,2,45
66,10,52
66,4,53
66,8,54
66,7,59
66,2,60
66,9,62
66,3,63
66,4,64
66,7,65
66,9,68
66,7,70
66,5,72
66,3,75
66,4,76
66,7,77
66,5,83
66,9,85
66,5,88
66,4,90
66,10,92
66,8,93
66,9,94
66,9,95
66,10,100
67,6,1
67,8,3
67,8,4
67,7,7
67,5,10
67,5,11
67,7,13
67,2,17
67,9,19
67,6,21
67,9,25
67,7,29
67,2,30
67,2,31
67,9,35
67,7,37
67,10,40
67,9,41
67,4,44
67,9,50
67,9,51
67,3,53
67,2,55
67,2,56
67,2,58
67,7,60
67,3,61
67,2,62
67,2,63
67,10,64
67,1,66
67,10,68
67,10,70
67,10,72
67,9,73
67,1,74
67,6,75
67,3,77
67,4,78
67,5,79
67,8,80
67,7,82
67,7,83
67,10,84
67,4,86
67,3,88
67,8,91
67,5,94
67,8,95
67,10,100
68,4,1
68,3,2
68,4,4
68,2,6
68,7,10
68,2,15
68,4,16
68,2,17
68,3,18
68,4,25
68,9,26
68,2,29
68,6,30
68,2,32
68,8,33
68,3,34
68,10,35
68,1,37
68,5,38
68,4,39
68,8,40
68,1,44
68,8,46
68,5,48
68,7,49
68,3,50
68,10,52
68,4,53
68,9,54
68,4,58
68,5,59
68,4,60
68,10,62
68,1,63
68,8,66
68,10,67
68,6,68
68,9,69
68,7,70
68,9,71
68,1,72
68,3,74
68,10,79
68,8,81
68,1,83
68,3,84
68,7,85
68,4,93
68,3,94
68,2,95
68,8,100
69,3,4
69,2,6
69,5,11
69,4,12
69,6,13
69,7,15
69,1,18
69,4,19
69,1,21
69,4,29
69,5,30
69,3,32
69,6,33
69,8,34
69,9,36
69,1,37
69,3,39
69,2,40
69,3,43
69,7,44
69,1,48
69,7,49
69,9,51
69,4,54
69,8,55
69,3,56
69,9,57
69,7,59
69,4,60
69,9,62
69,7,64
69,10,69
69,9,72
69,8,73
69,6,76
69,9,77
69,3,81
69,10,82
69,4,83
69,2,85
69,5,86
69,6,87
69,6,88
69,7,90
69,1,93
69,6,94
69,6,97
69,6,100
70,4,1
70,2,2
70,5,4
70,3,6
70,9,8
70,6,10
70,10,12
70,2,16
70,5,18
70,2,19
70,3,22
70,10,25
70,1,30
70,2,31
70,7,32
70,1,33
70,10,37
70,9,38
70,1,39
70,5,42
70,9,43
70,2,44
70,1,48
70,1,50
70,6,51
70,1,53
70,2,55
70,3,57
70,5,58
70,7,59
70,9,61
70,2,64
70,7,65
70,6,66
70,10,69
70,3,71
70,6,75
70,8,78
70,3,80
70,6,81
70,10,82
70,1,83
70,2,87
70,9,94
70,6,96
70,2,97
70,9,98
70,5,99
71,4,4
71,9,10
71,5,19
71,8,22
71,3,25
71,8,26
71,1,27
71,4,28
71,3,31
71,8,33
71,8,38
71,6,39
71,2,41
71,9,43
71,4,44
71,6,45
71,2,46
71,1,53
71,9,54
71,10,55
71,2,56
71,7,58
71,5,59
71,3,62
71,9,63
71,10,64
71,1,65
71,5,66
71,3,72
71,7,73
71,5,74
71,7,78
71,8,79
71,8,81
71,1,82
71,5,83
71,10,84
71,10,85
71,1,86
71,7,87
71,1,88
71,9,92
71,8,96
71,2,99
72,3,1
72,5,2
72,5,3
72,10,4
72,9,5
72,7,6
72,4,7
72,9,8
72,8,12
72,10,15
72,1,16
72,3,18
72,2,19
72,2,20
72,3,21
72,4,23
72,3,24
72,2,26
72,4,28
72,8,30
72,10,33
72,5,34
72,3,35
72,1,36
72,2,37
72,9,38
72,3,39
72,1,40
72,1,41
72,9,42
72,7,43
72,3,44
72,7,48
72,8,49
72,4,51
72,10,54
72,4,55
72,7,57
72,7,58
72,10,59
72,1,61
72,1,62
72,3,63
72,2,65
72,2,66
72,5,67
72,8,69
72,7,70
72,7,72
72,1,73
72,10,74
72,8,79
72,2,80
72,5,83
72,1,84
72,3,85
72,10,86
72,9,87
72,10,89
72,8,92
72,5,94
72,10,96
72,9,99
72,10,100
73,4,3
73,10,5
73,6,7
73,6,8
73,7,14
73,3,15
73,4,16
73,7,18
73,1,22
73,8,23
73,4,25
73,5,26
73,7,27
73,1,28
73,6,29
73,7,33
73,9,38
73,9,39
73,4,44
73,6,48
73,5,50
73,3,51
73,4,54
73,1,57
73,10,58
73,7,59
73,4,64
73,6,65
73,7,67
73,5,68
73,7,69
73,8,74
73,3,76
73,4,86
73,3,87
73,8,89
73,1,91
73,4,92
73,8,94
73,4,96
73,3,99
73,7,100
74,1,1
74,7,2
74,1,5
74,1,6
74,8,7
74,2,8
74,1,9
74,10,14
74,8,15
74,9,16
74,9,19
74,7,25
74,8,28
74,1,29
74,2,30
74,7,31
74,9,33
74,4,37
74,2,41
74,10,42
74,3,43
74,4,46
74,3,47
74,4,48
74,5,49
74,8,51
74,1,52
74,10,53
74,10,54
74,5,55
74,5,57
74,7,58
74,8,59
74,5,68
74,1,70
74,7,71
74,2,73
74,4,74
74,6,77
74,2,81
74,6,84
74,1,93
74,1,94
74,4,95
74,8,96
74,8,97
74,6,98
74,4,99
74,3,100
75,10,2
75,1,3
75,10,4
75,6,7
75,7,10
75,5,11
75,4,13
75,4,14
75,6,15
75,8,17
75,2,21
75,1,22
75,6,24
75,9,25
75,9,26
75,7,27
75,10,29
75,3,33
75,6,34
75,4,38
75,6,40
75,10,42
75,6,44
75,1,48
75,7,50
75,5,52
75,2,55
75,7,56
75,4,59
75,8,60
75,3,62
75,4,64
75,2,65
75,3,70
75,4,71
75,1,72
75,4,75
75,7,76
75,8,78
75,1,79
75,9,80
75,2,83
75,7,85
75,10,86
75,1,89
75,5,94
75,8,96
75,2,99
76,10,2
76,10,3
76,8,4
76,7,5
76,3,6
76,6,7
76,5,9
76,5,10
76,2,11
76,5,12
76,6,14
76,10,18
76,3,19
76,5,22
76,6,23
76,8,26
76,4,27
76,6,28
76,2,29
76,3,30
76,8,32
76,9,35
76,5,37
76,4,39
76,2,42
76,4,47
76,6,50
76,1,51
76,9,52
76,7,53
76,7,54
76,7,55
76,9,56
76,6,58
76,2,60
76,6,62
76,6,63
76,9,64
76,1,65
76,9,67
76,3,68
76,5,75
76,7,76
76,1,77
76,10,78
76,8,80
76,4,86
76,5,92
76,7,95
76,3,98
77,7,1
77,7,3
77,7,4
77,10,5
77,9,6
77,3,9
77,5,12
77,1,13
77,4,15
77,10,16
77,10,25
77,2,27
77,6,28
77,6,29
77,8,32
77,9,33
77,8,37
77,10,38
77,2,39
77,5,40
77,9,42
77,4,43
77,1,44
77,6,46
77,4,48
77,2,51
77,10,52
77,7,53
77,2,54
77,1,55
77,8,56
77,10,61
77,5,64
77,4,66
77,2,67
77,9,72
77,9,75
77,3,76
77,8,80
77,1,84
77,6,86
77,10,89
77,10,90
77,1,93
77,4,94
77,5,96
77,1,99
78,1,3
78,8,5
78,8,7
78,2,10
78,7,11
78,3,12
78,3,13
78,2,15
78,8,17
78,8,18
78,3,19
78,2,20
78,6,23
78,2,24
78,10,25
78,10,26
78,7,27
78,5,29
78,2,30
78,1,31
78,6,33
78,2,34
78,1,35
78,2,36
78,10,45
78,10,48
78,2,54
78,10,55
78,9,60
78,6,64
78,1,66
78,4,67
78,7,69
78,3,70
78,2,71
78,5,72
78,8,73
78,8,74
78,1,75
78,8,76
78,4,78
78,2,79
78,3,80
78,4,81
78,7,82
78,9,86
78,6,90
78,9,92
78,3,96
79,7,2
79,6,3
79,6,7
79,8,8
79,6,9
79,2,10
79,8,14
79,8,18
79,6,20
79,6,22
79,4,23
79,7,25
79,5,26
79,3,28
79,2,29
79,7,31
79,3,32
79,3,35
79,1,36
79,3,39
79,6,40
79,2,42
79,3,43
79,5,44
79,1,46
79,8,47
79,8,48
79,3,54
79,7,58
79,3,61
79,1,62
79,9,63
79,6,68
79,6,69
79,8,71
79,1,73
79,2,74
79,6,78
79,9,79
79,6,80
79,6,81
79,5,84
79,7,86
79,7,87
79,10,91
79,2,94
79,8,95
79,2,97
79,9,98
79,9,99
79,7,100
80,10,1
80,9,2
80,5,3
80,10,5
80,8,6
80,8,7
80,4,11
80,10,13
80,8,15
80,9,16
80,3,18
80,7,19
80,4,20
80,9,21
80,10,22
80,7,24
80,7,25
80,2,29
80,10,30
80,6,31
80,9,32
80,8,36
80,3,37
80,3,39
80,9,40
80,1,42
80,8,47
80,4,50
80,8,51
80,7,53
80,5,55
80,6,57
80,3,58
80,4,60
80,9,62
80,1,63
80,9,65
80,2,66
80,9,67
80,8,68
80,10,69
80,5,70
80,4,73
80,1,75
80,9,78
80,2,82
80,9,85
80,10,86
80,9,90
80,7,92
80,1,93
80,5,95
80,8,96
81,2,1
81,1,3
81,8,4
81,10,6
81,1,9
81,2,11
81,9,12
81,7,13
81,9,15
81,8,16
81,3,18
81,3,19
81,4,21
81,5,22
81,1,24
81,6,26
81,8,28
81,10,31
81,3,36
81,10,37
81,10,38
81,2,39
81,10,40
81,5,41
81,3,42
81,1,43
81,1,44
81,7,46
81,8,47
81,3,50
81,10,52
81,9,54
81,2,55
81,9,56
81,4,57
81,4,59
81,8,61
81,8,62
81,2,63
81,10,64
81,3,65
81,4,67
81,8,69
81,8,70
81,4,73
81,5,74
81,2,75
81,6,77
81,10,78
81,1,81
81,5,82
81,10,83
81,1,87
81,8,88
81,1,89
81,2,91
81,9,92
81,6,94
81,3,95
81,7,96
81,1,97
82,2,1
82,1,2
82,6,5
82,5,7
82,10,8
82,5,11
82,3,14
82,5,16
82,2,24
82,9,25
82,7,26
82,6,31
82,4,33
82,4,34
82,9,38
82,10,40
82,3,43
82,5,45
82,4,49
82,3,52
82,8,54
82,9,57
82,8,58
82,1,59
82,1,60
82,5,61
82,10,63
82,7,66
82,3,68
82,10,69
82,5,70
82,6,73
82,5,74
82,5,76
82,6,77
82,6,80
82,5,81
82,2,82
82,8,84
82,10,87
82,8,89
82,10,90
82,5,92
82,2,93
82,5,94
82,10,95
82,10,98
82,3,99
82,10,100
83,6,6
83,6,7
83,4,9
83,10,11
83,6,14
83,4,18
83,1,20
83,10,26
83,9,27
83,6,29
83,1,35
83,8,41
83,3,42
83,3,43
83,5,44
83,8,46
83,1,51
83,2,54
83,4,56
83,1,58
83,6,60
83,2,63
83,1,65
83,5,66
83,9,67
83,1,68
83,1,69
83,6,71
83,7,72
83,9,73
83,5,76
83,7,81
83,8,83
83,1,86
83,4,88
83,8,89
83,5,93
83,9,94
83,10,98
83,2,99
83,9,100
84,9,3
84,2,4
84,4,5
84,10,7
84,7,12
84,7,13
84,7,14
84,6,16
84,4,18
84,1,22
84,1,25
84,8,28
84,10,29
84,4,31
84,4,34
84,10,35
84,5,36
84,3,37
84,9,38
84,5,41
84,3,42
84,4,45
84,10,46
84,9,47
84,10,50
84,6,51
84,2,52
84,6,53
84,1,54
84,3,56
84,3,60
84,1,63
84,10,67
84,9,69
84,9,70
84,7,72
84,3,74
84,10,75
84,1,77
84,10,79
84,2,80
84,5,82
84,4,84
84,2,85
84,4,86
84,6,87
84,5,88
84,1,89
84,7,91
84,3,93
84,3,94
84,5,95
84,8,97
84,10,99
84,3,100
85,10,7
85,8,9
85,5,10
85,2,13
85,6,15
85,2,18
85,7,19
85,2,20
85,6,21
85,7,23
85,4,25
85,10,27
85,4,28
85,3,29
85,9,31
85,8,33
85,5,34
85,6,38
85,7,41
85,4,42
85,5,46
85,2,48
85,3,51
85,10,54
85,10,55
85,7,59
85,4,60
85,2,61
85,2,62
85,8,64
85,1,66
85,6,67
85,7,68
85,3,72
85,4,73
85,3,75
85,4,78
85,7,79
85,6,81
85,2,82
85,3,83
85,7,84
85,1,86
85,3,91
85,10,92
85,4,93
85,2,94
85,9,100
86,8,2
86,9,4
86,6,5
86,5,6
86,5,7
86,6,8
86,9,10
86,1,11
86,7,14
86,3,16
86,2,17
86,5,18
86,2,19
86,4,20
86,2,25
86,9,26
86,1,28
86,1,29
86,8,30
86,8,31
86,1,33
86,1,34
86,6,35
86,5,38
86,2,43
86,5,46
86,4,48
86,4,49
86,2,52
86,2,56
86,1,59
86,9,61
86,6,64
86,9,65
86,4,67
86,7,68
86,8,70
86,3,73
86,6,74
86,3,77
86,5,79
86,8,80
86,9,83
86,8,88
86,7,90
86,9,92
86,9,96
86,5,97
86,4,98
86,6,99
87,7,1
87,3,4
87,5,5
87,2,7
87,9,8
87,2,9
87,10,10
87,4,14
87,8,18
87,4,20
87,7,24
87,3,25
87,3,26
87,7,27
87,6,29
87,8,30
87,1,32
87,2,36
87,9,37
87,5,40
87,2,41
87,3,43
87,2,44
87,8,45
87,3,48
87,5,50
87,5,52
87,4,53
87,6,55
87,2,56
87,7,57
87,4,58
87,3,59
87,1,61
87,1,62
87,9,64
87,4,65
87,6,67
87,7,69
87,3,70
87,7,79
87,6,81
87,10,82
87,5,83
87,9,85
87,4,86
87,2,91
87,7,92
87,10,93
87,3,95
87,7,97
87,5,99
87,5,100
88,4,1
88,2,6
88,10,7
88,1,8
88,5,12
88,10,16
88,2,18
88,2,22
88,3,25
88,1,27
88,1,28
88,5,29
88,9,30
88,3,34
88,2,35
88,2,36
88,10,41
88,7,42
88,3,43
88,2,47
88,9,49
88,5,50
88,7,51
88,7,53
88,8,55
88,6,56
88,8,61
88,7,62
88,3,63
88,3,68
88,4,71
88,6,73
88,10,74
88,8,75
88,1,76
88,2,78
88,6,81
88,2,83
88,9,85
88,1,89
88,10,91
88,3,94
88,1,98
88,3,99
88,5,100
89,4,1
89,9,4
89,2,5
89,5,7
89,3,9
89,3,11
89,9,12
89,5,15
89,9,18
89,6,20
89,3,21
89,1,22
89,4,23
89,4,28
89,8,29
89,9,31
89,8,35
89,1,36
89,6,39
89,1,40
89,10,41
89,1,43
89,2,44
89,9,45
89,1,46
89,2,47
89,6,48
89,10,50
89,3,52
89,10,53
89,2,54
89,6,56
89,5,58
89,2,59
89,4,60
89,7,61
89,2,63
89,9,64
89,7,65
89,7,66
89,6,70
89,4,72
89,5,75
89,7,76
89,7,77
89,10,79
89,1,80
89,5,82
89,2,84
89,7,85
89,4,87
89,10,88
89,2,90
89,8,91
89,7,94
89,1,95
89,7,96
89,6,97
90,1,1
90,8,5
90,7,7
90,5,9
90,9,10
90,6,12
90,10,14
90,10,15
90,6,16
90,5,17
90,10,18
90,1,20
90,7,22
90,2,23
90,9,27
90,7,30
90,5,31
90,5,35
90,2,37
90,7,40
90,9,41
90,6,42
90,1,44
90,4,45
90,2,47
90,7,50
90,5,54
90,9,57
90,10,60
90,7,62
90,7,68
90,4,69
90,4,70
90,10,71
90,5,72
90,8,76
90,5,78
90,7,79
90,7,80
90,4,81
90,6,83
90,7,84
90,5,85
90,6,86
90,2,87
90,6,92
90,8,94
90,2,95
90,10,96
90,4,97
90,6,99
90,5,100
91,6,1
91,8,3
91,4,4
91,2,7
91,6,8
91,7,10
91,1,11
91,10,12
91,9,13
91,3,14
91,7,15
91,2,17
91,8,19
91,10,21
91,9,22
91,6,23
91,6,26
91,9,27
91,3,28
91,2,29
91,10,32
91,4,34
91,9,35
91,4,36
91,3,37
91,2,38
91,6,39
91,6,42
91,10,43
91,2,45
91,6,48
91,2,49
91,7,52
91,3,53
91,3,54
91,5,58
91,2,60
91,3,62
91,4,63
91,10,64
91,1,66
91,8,68
91,7,71
91,8,72
91,4,73
91,9,78
91,6,80
91,9,81
91,8,82
91,5,84
91,7,89
91,5,92
91,2,93
91,9,97
92,4,2
92,7,5
92,4,6
92,6,8
92,10,9
92,7,10
92,3,11
92,2,13
92,6,16
92,6,17
92,6,18
92,4,22
92,2,25
92,8,26
92,9,27
92,3,30
92,6,34
92,1,41
92,4,43
92,7,49
92,1,50
92,1,51
92,5,53
92,7,56
92,8,59
92,1,60
92,4,63
92,6,65
92,6,68
92,3,69
92,7,70
92,2,73
92,1,74
92,6,76
92,2,78
92,6,79
92,5,80
92,10,83
92,1,85
92,7,87
92,6,88
92,6,89
92,6,92
92,4,96
92,8,99
92,7,100
93,4,3
93,2,4
93,6,5
93,10,7
93,9,9
93,9,12
93,10,17
93,10,20
93,9,21
93,7,22
93,4,24
93,5,25
93,5,27
93,5,30
93,9,33
93,8,34
93,10,35
93,1,37
93,1,40
93,1,42
93,8,44
93,9,45
93,1,46
93,7,47
93,3,48
93,9,51
93,1,53
93,3,55
93,5,57
93,9,58
93,3,64
93,4,65
93,3,66
93,4,67
93,5,68
93,4,69
93,2,70
93,6,71
93,8,72
93,10,73
93,5,82
93,8,84
93,1,85
93,8,87
93,3,88
93,5,91
93,2,92
93,8,94
93,9,95
93,5,96
93,5,97
93,2,100
94,3,9
94,1,10
94,9,11
94,10,13
94,10,14
94,9,15
94,10,17
94,7,19
94,1,20
94,8,23
94,8,25
94,6,28
94,2,29
94,10,31
94,9,32
94,6,35
94,4,38
94,7,42
94,10,43
94,7,49
94,4,51
94,5,52
94,9,54
94,10,56
94,7,62
94,1,64
94,2,67
94,3,71
94,9,72
94,6,74
94,1,76
94,4,77
94,7,79
94,4,80
94,4,82
94,7,83
94,2,86
94,3,89
94,7,90
94,8,91
94,1,92
94,4,93
94,9,94
94,1,97
95,2,2
95,2,4
95,3,5
95,7,7
95,7,10
95,5,11
95,9,13
95,2,15
95,4,16
95,4,17
95,2,18
95,3,19
95,2,20
95,7,21
95,4,22
95,10,24
95,7,25
95,7,26
95,5,27
95,5,30
95,5,31
95,4,32
95,4,36
95,10,38
95,7,40
95,5,42
95,8,43
95,2,47
95,7,48
95,1,50
95,5,53
95,6,54
95,1,59
95,9,62
95,9,65
95,1,66
95,10,68
95,5,70
95,3,73
95,8,76
95,6,78
95,7,79
95,2,80
95,4,87
95,6,88
95,6,90
95,4,91
95,6,93
95,5,94
95,3,95
95,1,97
95,5,99
95,5,100
96,7,1
96,5,2
96,7,4
96,3,5
96,6,7
96,9,9
96,2,10
96,1,11
96,9,14
96,1,15
96,2,16
96,9,19
96,2,20
96,6,21
96,6,22
96,7,24
96,7,25
96,2,27
96,8,28
96,6,32
96,4,33
96,6,35
96,4,36
96,7,38
96,3,39
96,9,41
96,6,44
96,2,47
96,8,48
96,9,51
96,6,52
96,7,53
96,5,54
96,4,57
96,1,58
96,9,63
96,3,64
96,4,66
96,8,67
96,9,68
96,7,69
96,7,75
96,9,76
96,10,77
96,8,79
96,4,80
96,4,81
96,10,85
96,3,93
96,10,95
96,3,96
96,10,98
97,9,2
97,6,3
97,3,4
97,10,5
97,9,8
97,2,9
97,3,10
97,10,11
97,10,12
97,9,13
97,1,14
97,8,15
97,7,17
97,7,19
97,2,21
97,7,22
97,5,24
97,6,28
97,4,29
97,7,31
97,4,35
97,2,36
97,10,39
97,3,40
97,6,41
97,1,42
97,4,44
97,1,46
97,3,48
97,6,50
97,6,51
97,9,53
97,6,55
97,9,57
97,3,60
97,1,62
97,9,64
97,9,66
97,3,68
97,4,69
97,7,72
97,4,76
97,2,77
97,3,83
97,2,84
97,6,86
97,7,89
97,2,90
97,8,91
97,2,93
97,1,96
98,3,2
98,2,3
98,8,4
98,7,5
98,9,8
98,5,9
98,10,17
98,10,20
98,10,25
98,9,26
98,5,31
98,2,34
98,2,35
98,3,37
98,2,38
98,7,42
98,8,47
98,8,48
98,9,50
98,6,51
98,3,52
98,8,53
98,5,55
98,7,56
98,8,62
98,6,63
98,2,65
98,2,68
98,9,69
98,5,70
98,6,72
98,8,74
98,10,75
98,5,78
98,6,79
98,4,82
98,4,84
98,9,85
98,8,88
98,4,89
98,8,97
98,1,98
99,8,2
99,8,3
99,5,5
99,10,6
99,2,7
99,7,8
99,7,10
99,2,11
99,1,12
99,7,13
99,10,14
99,4,15
99,4,18
99,1,20
99,10,23
99,9,25
99,8,29
99,10,32
99,7,33
99,2,34
99,1,37
99,3,38
99,1,39
99,6,40
99,9,41
99,3,43
99,10,45
99,1,50
99,3,53
99,10,55
99,8,56
99,4,60
99,1,63
99,6,65
99,9,67
99,2,69
99,6,73
99,3,81
99,9,87
99,7,88
99,1,90
99,6,91
99,6,92
99,3,96
99,7,98
99,2,99
100,6,1
100,7,3
100,3,4
100,8,5
100,7,10
100,5,14
100,6,15
100,8,17
100,7,18
100,7,20
100,10,24
100,3,25
100,9,27
100,2,32
100,9,33
100,2,34
100,1,36
100,5,38
100,10,39
100,3,42
100,4,45
100,8,48
100,8,50
100,1,51
100,4,54
100,1,56
100,2,58
100,3,59
100,5,60
100,1,63
100,2,65
100,6,69
100,4,71
100,4,72
100,4,74
100,7,76
100,8,79
100,5,80
100,8,81
100,7,87
100,4,89
100,7,90
100,4,91
100,7,94
100,7,97
100,4,98
100,5,99
100,3,100
